Client ID,Sessions,Avg. Session Duration,Bounce Rate,Bounce Rate Segment,Total Session Duration,Retention Segment
577847579.2,367,1.5833333333333333,87.19,High,581.0833333333333,Frequent Users
1583821844.0,260,1.0666666666666667,29.62,Low,277.3333333333333,Frequent Users
1030698808.0,237,0.03333333333333333,99.16,High,7.8999999999999995,Frequent Users
1025029692.0,226,2.3666666666666667,25.66,Low,534.8666666666667,Frequent Users
1469968164.0,216,1.3833333333333333,46.76,Medium,298.8,Frequent Users
748737812.2,183,1.7333333333333334,87.98,High,317.2,Frequent Users
333155913.2,179,0.55,97.21,High,98.45,Frequent Users
1178263250.0,171,1.3666666666666667,91.81,High,233.70000000000002,Frequent Users
2033644431.0,139,0.2,98.56,High,27.8,Frequent Users
1746881788.0,129,0.4,96.12,High,51.6,Frequent Users
1461864677.0,117,8.45,48.72,Medium,988.6499999999999,Frequent Users
288976954.2,114,2.7666666666666666,81.58,High,315.4,Frequent Users
315689221.2,106,0.75,39.62,Medium,79.5,Frequent Users
465527365.2,106,0.016666666666666666,97.17,High,1.7666666666666666,Frequent Users
2031524295.0,105,3.2333333333333334,23.81,Low,339.5,Frequent Users
1049233968.0,99,9.716666666666667,34.34,Medium,961.95,Frequent Users
1586761721.0,97,2.0833333333333335,51.55,Medium,202.08333333333334,Frequent Users
755349165.2,96,3.933333333333333,55.21,Medium,377.59999999999997,Frequent Users
1610499334.0,95,4.666666666666667,41.05,Medium,443.33333333333337,Frequent Users
1040008610.0,93,2.5833333333333335,80.65,High,240.25,Frequent Users
1884620093.0,93,30.666666666666668,16.13,Low,2852.0,Frequent Users
757893117.2,92,0.4,91.3,High,36.800000000000004,Frequent Users
1050462061.0,91,3.8833333333333333,45.05,Medium,353.3833333333333,Frequent Users
1604193482.0,90,4.533333333333333,37.78,Medium,408.0,Frequent Users
1903205616.0,90,7.016666666666667,36.67,Medium,631.5,Frequent Users
1339001585.0,86,0.4166666666666667,86.05,High,35.833333333333336,Frequent Users
1472890495.0,85,3.25,51.76,Medium,276.25,Frequent Users
602598410.2,84,1.6666666666666667,84.52,High,140.0,Frequent Users
480152188.2,82,1.9333333333333333,89.02,High,158.53333333333333,Frequent Users
870081919.2,82,4.766666666666667,4.88,Low,390.8666666666667,Frequent Users
1302382373.0,80,0.03333333333333333,96.25,High,2.6666666666666665,Frequent Users
1622453982.0,80,3.8666666666666667,71.25,High,309.3333333333333,Frequent Users
627196832.2,79,0.38333333333333336,69.62,Medium,30.283333333333335,Frequent Users
1343704553.0,78,0.6,71.79,High,46.8,Frequent Users
193258856.2,78,2.7,52.56,Medium,210.60000000000002,Frequent Users
612497846.2,78,3.466666666666667,82.05,High,270.40000000000003,Frequent Users
32240940.17,77,0.7,96.1,High,53.9,Frequent Users
877100432.2,77,3.0166666666666666,80.52,High,232.28333333333333,Frequent Users
1198435132.0,76,4.616666666666666,73.68,High,350.8666666666666,Frequent Users
730053805.2,76,0.45,92.11,High,34.2,Frequent Users
750424070.2,75,1.1166666666666667,9.33,Low,83.75,Frequent Users
464448104.2,74,1.4166666666666667,68.92,Medium,104.83333333333334,Frequent Users
2014177165.0,73,1.5166666666666666,53.42,Medium,110.71666666666667,Frequent Users
1162461953.0,71,1.2833333333333334,91.55,High,91.11666666666667,Frequent Users
155219273.2,70,1.4666666666666666,62.86,Medium,102.66666666666666,Frequent Users
1905416401.0,70,0.38333333333333336,97.14,High,26.833333333333336,Frequent Users
1168647641.0,69,2.6166666666666667,82.61,High,180.55,Frequent Users
1186863969.0,69,1.5166666666666666,44.93,Medium,104.64999999999999,Frequent Users
1876174467.0,69,0.6666666666666666,95.65,High,46.0,Frequent Users
2032581055.0,69,4.233333333333333,69.57,Medium,292.1,Frequent Users
318433487.2,69,2.1,78.26,High,144.9,Frequent Users
2017597439.0,68,1.7333333333333334,72.06,High,117.86666666666667,Frequent Users
2046978197.0,68,0.7333333333333333,91.18,High,49.86666666666666,Frequent Users
752543727.2,68,2.533333333333333,63.24,Medium,172.26666666666665,Frequent Users
1041721673.0,67,20.5,22.39,Low,1373.5,Frequent Users
1585293631.0,67,3.0166666666666666,83.58,High,202.11666666666667,Frequent Users
577814658.2,66,1.2833333333333334,93.94,High,84.7,Frequent Users
738510285.2,66,8.55,46.97,Medium,564.3000000000001,Frequent Users
158109420.2,65,0.5333333333333333,69.23,Medium,34.666666666666664,Frequent Users
25814044.17,65,4.066666666666666,63.08,Medium,264.3333333333333,Frequent Users
1155694150.0,64,6.15,25.0,Low,393.6,Frequent Users
873077131.2,64,5.566666666666666,10.94,Low,356.26666666666665,Frequent Users
165421090.2,63,1.1166666666666667,88.89,High,70.35000000000001,Frequent Users
1189815834.0,62,9.483333333333333,54.84,Medium,587.9666666666666,Frequent Users
1895737285.0,62,0.16666666666666666,98.39,High,10.333333333333332,Frequent Users
903748183.2,62,0.13333333333333333,98.39,High,8.266666666666666,Frequent Users
1451516799.0,61,3.4,49.18,Medium,207.4,Frequent Users
1737830459.0,61,4.683333333333334,32.79,Medium,285.68333333333334,Frequent Users
1886645627.0,61,0.7833333333333333,96.72,High,47.78333333333333,Frequent Users
2046197857.0,61,2.3333333333333335,40.98,Medium,142.33333333333334,Frequent Users
326252630.2,61,4.966666666666667,63.93,Medium,302.9666666666667,Frequent Users
580522711.2,61,0.6,95.08,High,36.6,Frequent Users
1602698222.0,60,3.1166666666666667,75.0,High,187.0,Frequent Users
1891049338.0,60,1.7,88.33,High,102.0,Frequent Users
2010342237.0,60,3.75,76.67,High,225.0,Frequent Users
1188219699.0,59,1.4833333333333334,91.53,High,87.51666666666667,Frequent Users
301193849.2,59,0.7166666666666667,94.92,High,42.28333333333333,Frequent Users
461357307.2,59,1.3,40.68,Medium,76.7,Frequent Users
1020184873.0,58,2.7666666666666666,31.03,Medium,160.46666666666667,Frequent Users
1593929148.0,58,2.2333333333333334,84.48,High,129.53333333333333,Frequent Users
1338562141.0,57,0.4,96.49,High,22.8,Frequent Users
1601733428.0,57,3.783333333333333,10.53,Low,215.65,Frequent Users
469282593.2,57,0.7666666666666667,89.47,High,43.7,Frequent Users
755380331.2,57,0.38333333333333336,92.98,High,21.85,Frequent Users
1032288272.0,56,8.766666666666667,46.43,Medium,490.9333333333334,Frequent Users
324742836.2,56,1.3666666666666667,60.71,Medium,76.53333333333333,Frequent Users
761790492.2,56,6.933333333333334,26.79,Low,388.26666666666665,Frequent Users
1323231578.0,55,1.5,72.73,High,82.5,Frequent Users
1584242472.0,55,4.616666666666666,67.27,Medium,253.91666666666666,Frequent Users
458525099.2,55,6.116666666666666,38.18,Medium,336.41666666666663,Frequent Users
1889892144.0,54,1.25,16.67,Low,67.5,Frequent Users
318671007.2,54,8.55,48.15,Medium,461.70000000000005,Frequent Users
471517372.2,54,6.5,46.3,Medium,351.0,Frequent Users
591365193.2,54,1.3,72.22,High,70.2,Frequent Users
738229620.2,54,1.45,88.89,High,78.3,Frequent Users
13663807.17,53,0.75,56.6,Medium,39.75,Frequent Users
1719150325.0,53,0.5833333333333334,88.68,High,30.916666666666668,Frequent Users
309988573.2,53,8.383333333333333,22.64,Low,444.31666666666666,Frequent Users
1176224562.0,52,1.1333333333333333,94.23,High,58.93333333333333,Frequent Users
1439554564.0,52,0.85,50.0,Medium,44.199999999999996,Frequent Users
1582664842.0,52,4.116666666666666,53.85,Medium,214.06666666666663,Frequent Users
1584528176.0,52,0.18333333333333332,92.31,High,9.533333333333333,Frequent Users
1593764816.0,52,8.683333333333334,42.31,Medium,451.53333333333336,Frequent Users
1727951771.0,52,5.45,28.85,Low,283.40000000000003,Frequent Users
468457228.2,52,2.4,40.38,Medium,124.8,Frequent Users
1044061442.0,51,0.18333333333333332,72.55,High,9.35,Frequent Users
1336137082.0,51,1.5,80.39,High,76.5,Frequent Users
156839542.2,51,1.65,58.82,Medium,84.14999999999999,Frequent Users
1757755579.0,51,4.6,72.55,High,234.6,Frequent Users
1893413361.0,51,1.5666666666666667,92.16,High,79.9,Frequent Users
486264808.2,51,1.6833333333333333,37.25,Medium,85.85,Frequent Users
587955162.2,51,4.016666666666667,60.78,Medium,204.85,Frequent Users
151743556.2,50,2.316666666666667,82.0,High,115.83333333333334,Frequent Users
1864583837.0,50,0.5666666666666667,94.0,High,28.333333333333332,Frequent Users
185254448.2,49,0.9166666666666666,91.84,High,44.916666666666664,Frequent Users
308577503.2,49,3.0166666666666666,71.43,High,147.81666666666666,Frequent Users
32612025.17,49,11.433333333333334,38.78,Medium,560.2333333333333,Frequent Users
1006351106.0,48,1.5333333333333334,85.42,High,73.60000000000001,Frequent Users
1468087720.0,48,5.416666666666667,56.25,Medium,260.0,Frequent Users
1725517173.0,48,0.9,91.67,High,43.2,Frequent Users
2016929524.0,48,3.75,58.33,Medium,180.0,Frequent Users
300057566.2,48,5.366666666666666,54.17,Medium,257.59999999999997,Frequent Users
445595001.2,48,2.533333333333333,54.17,Medium,121.6,Frequent Users
600075926.2,48,1.2833333333333334,64.58,Medium,61.60000000000001,Frequent Users
726700898.2,48,1.65,87.5,High,79.19999999999999,Frequent Users
750519308.2,48,2.8333333333333335,81.25,High,136.0,Frequent Users
906737809.2,48,1.4,89.58,High,67.19999999999999,Frequent Users
1035650506.0,47,1.0333333333333334,70.21,High,48.56666666666667,Frequent Users
201010459.2,47,1.8333333333333333,63.83,Medium,86.16666666666666,Frequent Users
2045743779.0,47,0.0,100.0,,0.0,Frequent Users
465049692.2,47,4.033333333333333,44.68,Medium,189.56666666666666,Frequent Users
468184732.2,47,9.133333333333333,40.43,Medium,429.26666666666665,Frequent Users
476660441.2,47,5.633333333333334,51.06,Medium,264.7666666666667,Frequent Users
575555389.2,47,5.166666666666667,70.21,High,242.83333333333334,Frequent Users
601505739.2,47,4.883333333333334,46.81,Medium,229.51666666666668,Frequent Users
621369774.2,47,2.2,78.72,High,103.4,Frequent Users
7953720.169,47,4.166666666666667,72.34,High,195.83333333333334,Frequent Users
1298132877.0,46,4.683333333333334,67.39,Medium,215.43333333333334,Frequent Users
1919254164.0,46,2.2666666666666666,63.04,Medium,104.26666666666667,Frequent Users
2052385741.0,46,6.633333333333334,60.87,Medium,305.1333333333333,Frequent Users
444950627.2,46,6.783333333333333,54.35,Medium,312.0333333333333,Frequent Users
458963426.2,46,4.0,34.78,Medium,184.0,Frequent Users
573548325.2,46,3.5,36.96,Medium,161.0,Frequent Users
172818947.2,45,2.65,42.22,Medium,119.25,Frequent Users
876518937.2,45,1.45,91.11,High,65.25,Frequent Users
1305097875.0,44,7.666666666666667,25.0,Low,337.33333333333337,Frequent Users
167543524.2,44,1.3166666666666667,59.09,Medium,57.93333333333333,Frequent Users
1730597955.0,44,0.21666666666666667,97.73,High,9.533333333333333,Frequent Users
481325895.2,44,5.8,68.18,Medium,255.2,Frequent Users
151279348.2,43,8.116666666666667,16.28,Low,349.0166666666667,Frequent Users
1597460851.0,43,0.95,44.19,Medium,40.85,Frequent Users
1759411796.0,43,3.5166666666666666,74.42,High,151.21666666666667,Frequent Users
2057547659.0,43,1.05,95.35,High,45.15,Frequent Users
297042864.2,43,0.75,37.21,Medium,32.25,Frequent Users
451224345.2,43,2.5166666666666666,34.88,Medium,108.21666666666667,Frequent Users
574274852.2,43,11.516666666666667,41.86,Medium,495.2166666666667,Frequent Users
598238228.2,43,0.31666666666666665,90.7,High,13.616666666666665,Frequent Users
1719919762.0,42,0.45,95.24,High,18.900000000000002,Frequent Users
1874389515.0,42,9.8,45.24,Medium,411.6,Frequent Users
333470718.2,42,1.4166666666666667,85.71,High,59.5,Frequent Users
584035167.2,42,3.3833333333333333,78.57,High,142.1,Frequent Users
746132769.2,42,4.766666666666667,52.38,Medium,200.2,Frequent Users
859307476.2,42,0.9833333333333333,71.43,High,41.3,Frequent Users
11234861.17,41,0.31666666666666665,31.71,Medium,12.983333333333333,Frequent Users
1339063042.0,41,2.716666666666667,53.66,Medium,111.38333333333334,Frequent Users
1439886415.0,41,7.05,56.1,Medium,289.05,Frequent Users
1469489708.0,41,4.65,68.29,Medium,190.65,Frequent Users
1884445632.0,41,3.1666666666666665,73.17,High,129.83333333333331,Frequent Users
611030770.2,41,2.5833333333333335,43.9,Medium,105.91666666666667,Frequent Users
733985452.2,41,2.35,39.02,Medium,96.35000000000001,Frequent Users
1464045083.0,40,9.433333333333334,40.0,Medium,377.33333333333337,Frequent Users
173608789.2,40,6.05,70.0,High,242.0,Frequent Users
1779087676.0,40,0.8333333333333334,92.5,High,33.333333333333336,Frequent Users
184918.1681,40,24.416666666666668,17.5,Low,976.6666666666667,Frequent Users
1871293649.0,40,4.6,50.0,Medium,184.0,Frequent Users
45962788.17,40,7.383333333333334,25.0,Low,295.33333333333337,Frequent Users
601640918.2,40,0.3,95.0,High,12.0,Frequent Users
156778925.2,39,12.816666666666666,17.95,Low,499.84999999999997,Frequent Users
1625572797.0,39,1.0166666666666666,94.87,High,39.65,Frequent Users
187453926.2,39,5.666666666666667,69.23,Medium,221.0,Frequent Users
2024377237.0,39,4.733333333333333,41.03,Medium,184.6,Frequent Users
26121901.17,39,2.4166666666666665,66.67,Medium,94.25,Frequent Users
437175452.2,39,0.016666666666666666,97.44,High,0.65,Frequent Users
754832664.2,39,10.55,33.33,Medium,411.45000000000005,Frequent Users
1025780043.0,38,5.683333333333334,44.74,Medium,215.96666666666667,Frequent Users
1170071254.0,38,2.6666666666666665,73.68,High,101.33333333333333,Frequent Users
1328963512.0,38,0.4,97.37,High,15.200000000000001,Frequent Users
1486653143.0,38,1.2833333333333334,50.0,Medium,48.76666666666667,Frequent Users
176051967.2,38,0.4,92.11,High,15.200000000000001,Frequent Users
1763471338.0,38,0.3333333333333333,94.74,High,12.666666666666666,Frequent Users
1890228390.0,38,11.5,42.11,Medium,437.0,Frequent Users
1907301704.0,38,7.116666666666666,34.21,Medium,270.43333333333334,Frequent Users
2014711514.0,38,0.0,100.0,,0.0,Frequent Users
2031596630.0,38,4.683333333333334,57.89,Medium,177.96666666666667,Frequent Users
2034601206.0,38,6.966666666666667,44.74,Medium,264.73333333333335,Frequent Users
322603859.2,38,2.1166666666666667,86.84,High,80.43333333333334,Frequent Users
598614465.2,38,1.55,92.11,High,58.9,Frequent Users
616050047.2,38,0.48333333333333334,21.05,Low,18.366666666666667,Frequent Users
754802653.2,38,0.05,97.37,High,1.9000000000000001,Frequent Users
1007962902.0,37,3.9,54.05,Medium,144.29999999999998,Frequent Users
1195769530.0,37,1.1833333333333333,91.89,High,43.78333333333333,Frequent Users
1341733402.0,37,3.3,67.57,Medium,122.1,Frequent Users
1436954170.0,37,0.7333333333333333,97.3,High,27.133333333333333,Frequent Users
1582976778.0,37,0.75,51.35,Medium,27.75,Frequent Users
1602209827.0,37,2.966666666666667,83.78,High,109.76666666666667,Frequent Users
1721468194.0,37,1.3666666666666667,86.49,High,50.56666666666667,Frequent Users
1771551250.0,37,0.9666666666666667,97.3,High,35.766666666666666,Frequent Users
182042475.2,37,1.1666666666666667,67.57,Medium,43.16666666666667,Frequent Users
1865771060.0,37,7.833333333333333,45.95,Medium,289.8333333333333,Frequent Users
1872984661.0,37,0.35,94.59,High,12.95,Frequent Users
2010979097.0,37,3.9166666666666665,51.35,Medium,144.91666666666666,Frequent Users
2054569080.0,37,16.25,35.14,Medium,601.25,Frequent Users
337593326.2,37,2.9,70.27,High,107.3,Frequent Users
383506.1676,37,4.55,70.27,High,168.35,Frequent Users
600361367.2,37,0.06666666666666667,91.89,High,2.466666666666667,Frequent Users
608208968.2,37,3.8833333333333333,78.38,High,143.68333333333334,Frequent Users
718055685.2,37,0.6333333333333333,94.59,High,23.433333333333334,Frequent Users
748214939.2,37,0.21666666666666667,67.57,Medium,8.016666666666667,Frequent Users
1343163510.0,36,2.966666666666667,38.89,Medium,106.80000000000001,Frequent Users
1471675922.0,36,5.316666666666666,50.0,Medium,191.39999999999998,Frequent Users
153310859.2,36,0.6166666666666667,94.44,High,22.200000000000003,Frequent Users
1597481798.0,36,4.733333333333333,69.44,Medium,170.4,Frequent Users
1865950306.0,36,2.3333333333333335,88.89,High,84.0,Frequent Users
1896767605.0,36,5.483333333333333,50.0,Medium,197.4,Frequent Users
2033850388.0,36,9.216666666666667,36.11,Medium,331.8,Frequent Users
315661210.2,36,0.4,88.89,High,14.4,Frequent Users
470089352.2,36,9.1,38.89,Medium,327.59999999999997,Frequent Users
734513023.2,36,6.983333333333333,52.78,Medium,251.4,Frequent Users
745560766.2,36,3.3833333333333333,66.67,Medium,121.8,Frequent Users
750966479.2,36,6.283333333333333,55.56,Medium,226.2,Frequent Users
878170788.2,36,9.833333333333334,44.44,Medium,354.0,Frequent Users
1009768604.0,35,1.3833333333333333,91.43,High,48.416666666666664,Frequent Users
1017399693.0,35,0.5,91.43,High,17.5,Frequent Users
1050106005.0,35,5.233333333333333,48.57,Medium,183.16666666666666,Frequent Users
1145939756.0,35,0.0,100.0,,0.0,Frequent Users
1152448879.0,35,2.466666666666667,68.57,Medium,86.33333333333334,Frequent Users
1189738802.0,35,2.433333333333333,80.0,High,85.16666666666666,Frequent Users
1293110481.0,35,2.7333333333333334,57.14,Medium,95.66666666666667,Frequent Users
1485625587.0,35,4.5,77.14,High,157.5,Frequent Users
1590673901.0,35,4.133333333333334,60.0,Medium,144.66666666666669,Frequent Users
1634696530.0,35,1.4666666666666666,80.0,High,51.33333333333333,Frequent Users
181189909.2,35,2.4166666666666665,62.86,Medium,84.58333333333333,Frequent Users
1890668085.0,35,3.3833333333333333,60.0,Medium,118.41666666666667,Frequent Users
2016564073.0,35,8.683333333333334,51.43,Medium,303.9166666666667,Frequent Users
2041181815.0,35,0.43333333333333335,97.14,High,15.166666666666668,Frequent Users
319175499.2,35,5.133333333333334,71.43,High,179.66666666666669,Frequent Users
325391197.2,35,0.0,100.0,,0.0,Frequent Users
473899333.2,35,5.75,45.71,Medium,201.25,Frequent Users
622608209.2,35,0.016666666666666666,80.0,High,0.5833333333333334,Frequent Users
738644271.2,35,2.033333333333333,65.71,Medium,71.16666666666666,Frequent Users
897273873.2,35,12.05,62.86,Medium,421.75,Frequent Users
9817690.168,35,0.5333333333333333,82.86,High,18.666666666666668,Frequent Users
1146638460.0,34,1.1833333333333333,82.35,High,40.233333333333334,Frequent Users
1197771634.0,34,5.55,61.76,Medium,188.7,Frequent Users
1328265932.0,34,0.0,100.0,,0.0,Frequent Users
145817172.2,34,4.416666666666667,29.41,Low,150.16666666666669,Frequent Users
1753841719.0,34,0.65,82.35,High,22.1,Frequent Users
1911151196.0,34,6.633333333333334,58.82,Medium,225.53333333333336,Frequent Users
430462251.2,34,10.6,44.12,Medium,360.4,Frequent Users
735831519.2,34,2.85,91.18,High,96.9,Frequent Users
739971600.2,34,8.816666666666666,47.06,Medium,299.76666666666665,Frequent Users
859873318.2,34,1.15,44.12,Medium,39.099999999999994,Frequent Users
875655685.2,34,29.966666666666665,26.47,Low,1018.8666666666666,Frequent Users
902140136.2,34,0.0,100.0,,0.0,Frequent Users
1023198018.0,33,3.0833333333333335,69.7,Medium,101.75,Frequent Users
1048493889.0,33,2.3666666666666667,69.7,Medium,78.1,Frequent Users
1158880816.0,33,6.833333333333333,63.64,Medium,225.5,Frequent Users
1181158464.0,33,7.616666666666666,60.61,Medium,251.35,Frequent Users
1202903649.0,33,0.5,81.82,High,16.5,Frequent Users
145092199.2,33,5.6,33.33,Medium,184.79999999999998,Frequent Users
162739046.2,33,1.9666666666666666,69.7,Medium,64.89999999999999,Frequent Users
1728240246.0,33,4.216666666666667,60.61,Medium,139.15,Frequent Users
1769418845.0,33,9.616666666666667,57.58,Medium,317.35,Frequent Users
1866320500.0,33,4.7,57.58,Medium,155.1,Frequent Users
1879412546.0,33,6.75,57.58,Medium,222.75,Frequent Users
1918495614.0,33,16.366666666666667,15.15,Low,540.1,Frequent Users
2018737502.0,33,8.283333333333333,24.24,Low,273.35,Frequent Users
2041313789.0,33,5.966666666666667,36.36,Medium,196.9,Frequent Users
2049395277.0,33,7.383333333333334,45.45,Medium,243.65,Frequent Users
341233316.2,33,0.11666666666666667,93.94,High,3.85,Frequent Users
1046648611.0,32,0.11666666666666667,90.62,High,3.7333333333333334,Frequent Users
1145726894.0,32,2.566666666666667,78.12,High,82.13333333333334,Frequent Users
1193176958.0,32,6.55,31.25,Medium,209.6,Frequent Users
1291160187.0,32,4.816666666666666,62.5,Medium,154.13333333333333,Frequent Users
1298443951.0,32,3.0,56.25,Medium,96.0,Frequent Users
1467481529.0,32,1.8166666666666667,84.38,High,58.13333333333333,Frequent Users
1592889822.0,32,3.3666666666666667,18.75,Low,107.73333333333333,Frequent Users
1882587063.0,32,1.0166666666666666,50.0,Medium,32.53333333333333,Frequent Users
1910502090.0,32,0.016666666666666666,96.88,High,0.5333333333333333,Frequent Users
2058234529.0,32,0.7,93.75,High,22.4,Frequent Users
335778232.2,32,11.333333333333334,56.25,Medium,362.6666666666667,Frequent Users
42930835.17,32,4.466666666666667,18.75,Low,142.93333333333334,Frequent Users
603359696.2,32,4.2,71.88,High,134.4,Frequent Users
718984868.2,32,5.416666666666667,71.88,High,173.33333333333334,Frequent Users
726469110.2,32,8.916666666666666,12.5,Low,285.3333333333333,Frequent Users
728050160.2,32,4.8,53.12,Medium,153.6,Frequent Users
901644852.2,32,3.6,56.25,Medium,115.2,Frequent Users
1025954278.0,31,4.716666666666667,45.16,Medium,146.21666666666667,Occasional Users
1031372515.0,31,4.183333333333334,41.94,Medium,129.68333333333334,Occasional Users
1190564335.0,31,0.6666666666666666,77.42,High,20.666666666666664,Occasional Users
1433525399.0,31,1.8166666666666667,80.65,High,56.31666666666666,Occasional Users
1434153754.0,31,3.2666666666666666,58.06,Medium,101.26666666666667,Occasional Users
1444645655.0,31,2.816666666666667,67.74,Medium,87.31666666666668,Occasional Users
1446153223.0,31,3.3333333333333335,41.94,Medium,103.33333333333334,Occasional Users
1451895359.0,31,0.6,67.74,Medium,18.599999999999998,Occasional Users
156199334.2,31,4.133333333333334,67.74,Medium,128.13333333333335,Occasional Users
172498768.2,31,5.783333333333333,64.52,Medium,179.28333333333333,Occasional Users
1867367958.0,31,0.0,100.0,,0.0,Occasional Users
1882921405.0,31,3.15,58.06,Medium,97.64999999999999,Occasional Users
1903135786.0,31,4.1,67.74,Medium,127.1,Occasional Users
2026952823.0,31,22.116666666666667,35.48,Medium,685.6166666666667,Occasional Users
287738939.2,31,0.7,87.1,High,21.7,Occasional Users
309135093.2,31,0.05,96.77,High,1.55,Occasional Users
33165205.17,31,8.833333333333334,32.26,Medium,273.83333333333337,Occasional Users
621668252.2,31,0.15,96.77,High,4.6499999999999995,Occasional Users
1024273974.0,30,2.5833333333333335,83.33,High,77.5,Occasional Users
1025688873.0,30,0.43333333333333335,93.33,High,13.0,Occasional Users
1028576280.0,30,1.7166666666666666,66.67,Medium,51.5,Occasional Users
1304420715.0,30,0.016666666666666666,96.67,High,0.5,Occasional Users
1335589329.0,30,2.433333333333333,53.33,Medium,73.0,Occasional Users
1442336030.0,30,5.316666666666666,66.67,Medium,159.5,Occasional Users
1444537939.0,30,0.36666666666666664,90.0,High,11.0,Occasional Users
1588175617.0,30,1.5833333333333333,80.0,High,47.5,Occasional Users
1731203404.0,30,0.6333333333333333,76.67,High,19.0,Occasional Users
177667435.2,30,2.216666666666667,73.33,High,66.5,Occasional Users
1865032401.0,30,0.16666666666666666,90.0,High,5.0,Occasional Users
1869824472.0,30,9.6,46.67,Medium,288.0,Occasional Users
1870696825.0,30,2.4166666666666665,70.0,High,72.5,Occasional Users
1870859241.0,30,0.8666666666666667,96.67,High,26.0,Occasional Users
198747363.2,30,3.5833333333333335,80.0,High,107.5,Occasional Users
2013120070.0,30,5.666666666666667,53.33,Medium,170.0,Occasional Users
2058097535.0,30,9.966666666666667,30.0,Medium,299.0,Occasional Users
293572500.2,30,1.6666666666666667,76.67,High,50.0,Occasional Users
294361281.2,30,3.4833333333333334,63.33,Medium,104.5,Occasional Users
470723901.2,30,5.016666666666667,30.0,Medium,150.5,Occasional Users
736035290.2,30,3.85,46.67,Medium,115.5,Occasional Users
1024734978.0,29,0.11666666666666667,93.1,High,3.3833333333333333,Occasional Users
1036468127.0,29,1.2333333333333334,79.31,High,35.766666666666666,Occasional Users
1146640160.0,29,1.2833333333333334,68.97,Medium,37.21666666666667,Occasional Users
1180715730.0,29,11.35,51.72,Medium,329.15,Occasional Users
1457190307.0,29,9.716666666666667,27.59,Low,281.78333333333336,Occasional Users
1476480646.0,29,11.916666666666666,48.28,Medium,345.5833333333333,Occasional Users
1574924215.0,29,0.5666666666666667,82.76,High,16.433333333333334,Occasional Users
1579796741.0,29,1.2833333333333334,68.97,Medium,37.21666666666667,Occasional Users
1584819007.0,29,9.466666666666667,41.38,Medium,274.53333333333336,Occasional Users
1591312213.0,29,0.8666666666666667,96.55,High,25.133333333333333,Occasional Users
1602531024.0,29,3.15,68.97,Medium,91.35,Occasional Users
1618166940.0,29,2.0166666666666666,65.52,Medium,58.483333333333334,Occasional Users
1628695834.0,29,1.6666666666666667,34.48,Medium,48.333333333333336,Occasional Users
165458519.2,29,0.0,100.0,,0.0,Occasional Users
1760882994.0,29,0.5333333333333333,86.21,High,15.466666666666667,Occasional Users
1766768153.0,29,6.25,62.07,Medium,181.25,Occasional Users
177847219.2,29,9.55,41.38,Medium,276.95000000000005,Occasional Users
286340403.2,29,3.2333333333333334,75.86,High,93.76666666666667,Occasional Users
290947416.2,29,1.95,72.41,High,56.55,Occasional Users
48251348.17,29,12.483333333333333,13.79,Low,362.01666666666665,Occasional Users
578403509.2,29,7.1,37.93,Medium,205.89999999999998,Occasional Users
598135812.2,29,3.2,75.86,High,92.80000000000001,Occasional Users
605066719.2,29,3.816666666666667,58.62,Medium,110.68333333333334,Occasional Users
723061994.2,29,1.4,79.31,High,40.599999999999994,Occasional Users
741164045.2,29,1.2166666666666666,72.41,High,35.28333333333333,Occasional Users
752030248.2,29,8.116666666666667,48.28,Medium,235.38333333333335,Occasional Users
755943105.2,29,0.05,93.1,High,1.4500000000000002,Occasional Users
864583280.2,29,2.0833333333333335,75.86,High,60.41666666666667,Occasional Users
870237026.2,29,2.3,44.83,Medium,66.69999999999999,Occasional Users
878828934.2,29,1.8833333333333333,86.21,High,54.61666666666667,Occasional Users
909343235.2,29,9.05,34.48,Medium,262.45000000000005,Occasional Users
1034757469.0,28,4.75,67.86,Medium,133.0,Occasional Users
1042029016.0,28,6.9,60.71,Medium,193.20000000000002,Occasional Users
1149824269.0,28,5.483333333333333,60.71,Medium,153.53333333333333,Occasional Users
1170833378.0,28,2.3666666666666667,57.14,Medium,66.26666666666667,Occasional Users
1196833623.0,28,3.2,75.0,High,89.60000000000001,Occasional Users
1305300088.0,28,1.25,75.0,High,35.0,Occasional Users
1305749085.0,28,1.1,46.43,Medium,30.800000000000004,Occasional Users
1307708443.0,28,1.1833333333333333,42.86,Medium,33.13333333333333,Occasional Users
1320447862.0,28,0.8833333333333333,60.71,Medium,24.733333333333334,Occasional Users
1338088897.0,28,1.65,78.57,High,46.199999999999996,Occasional Users
1348037851.0,28,2.783333333333333,82.14,High,77.93333333333334,Occasional Users
1456009626.0,28,0.016666666666666666,96.43,High,0.4666666666666667,Occasional Users
1458121968.0,28,17.983333333333334,35.71,Medium,503.53333333333336,Occasional Users
1467696677.0,28,1.7666666666666666,53.57,Medium,49.46666666666667,Occasional Users
1471756840.0,28,0.85,67.86,Medium,23.8,Occasional Users
1473645655.0,28,6.816666666666666,50.0,Medium,190.86666666666667,Occasional Users
1598942397.0,28,2.55,32.14,Medium,71.39999999999999,Occasional Users
1743847621.0,28,0.0,96.43,High,0.0,Occasional Users
1863952348.0,28,1.55,21.43,Low,43.4,Occasional Users
1869825680.0,28,1.3333333333333333,82.14,High,37.33333333333333,Occasional Users
198367219.2,28,4.733333333333333,53.57,Medium,132.53333333333333,Occasional Users
2012326317.0,28,2.6,64.29,Medium,72.8,Occasional Users
2037223443.0,28,6.833333333333333,53.57,Medium,191.33333333333331,Occasional Users
2044909612.0,28,2.7333333333333334,78.57,High,76.53333333333333,Occasional Users
2051810775.0,28,2.533333333333333,67.86,Medium,70.93333333333334,Occasional Users
2063337706.0,28,8.933333333333334,28.57,Low,250.13333333333333,Occasional Users
289558447.2,28,7.033333333333333,50.0,Medium,196.93333333333334,Occasional Users
291416164.2,28,0.0,100.0,,0.0,Occasional Users
301339729.2,28,3.3833333333333333,71.43,High,94.73333333333333,Occasional Users
35294995.17,28,1.6833333333333333,85.71,High,47.13333333333333,Occasional Users
465082998.2,28,2.283333333333333,78.57,High,63.93333333333333,Occasional Users
484552897.2,28,3.3,71.43,High,92.39999999999999,Occasional Users
51490527.17,28,4.95,57.14,Medium,138.6,Occasional Users
593063126.2,28,0.016666666666666666,96.43,High,0.4666666666666667,Occasional Users
617693199.2,28,0.08333333333333333,75.0,High,2.333333333333333,Occasional Users
622093527.2,28,21.3,39.29,Medium,596.4,Occasional Users
859084972.2,28,2.716666666666667,71.43,High,76.06666666666666,Occasional Users
889008040.2,28,0.7,89.29,High,19.599999999999998,Occasional Users
891219432.2,28,2.55,82.14,High,71.39999999999999,Occasional Users
906392931.2,28,0.21666666666666667,85.71,High,6.066666666666666,Occasional Users
1020577811.0,27,1.2,92.59,High,32.4,Occasional Users
1029506521.0,27,3.3,66.67,Medium,89.1,Occasional Users
1042093283.0,27,2.716666666666667,81.48,High,73.35000000000001,Occasional Users
1047956145.0,27,3.85,51.85,Medium,103.95,Occasional Users
1189298499.0,27,9.933333333333334,51.85,Medium,268.2,Occasional Users
1193873059.0,27,0.016666666666666666,48.15,Medium,0.45,Occasional Users
1321210259.0,27,8.433333333333334,37.04,Medium,227.70000000000002,Occasional Users
1431927180.0,27,2.8833333333333333,77.78,High,77.85,Occasional Users
1440219109.0,27,11.633333333333333,40.74,Medium,314.09999999999997,Occasional Users
14426344.17,27,0.7333333333333333,81.48,High,19.799999999999997,Occasional Users
1460281927.0,27,3.1166666666666667,37.04,Medium,84.15,Occasional Users
1463679316.0,27,2.7333333333333334,55.56,Medium,73.8,Occasional Users
155034095.2,27,3.6,55.56,Medium,97.2,Occasional Users
155127388.2,27,4.283333333333333,77.78,High,115.64999999999999,Occasional Users
1621347803.0,27,3.183333333333333,66.67,Medium,85.94999999999999,Occasional Users
169762332.2,27,1.6333333333333333,62.96,Medium,44.1,Occasional Users
1725242900.0,27,0.0,96.3,High,0.0,Occasional Users
1735764687.0,27,2.7333333333333334,74.07,High,73.8,Occasional Users
1748714745.0,27,5.8,40.74,Medium,156.6,Occasional Users
1775558780.0,27,1.8,85.19,High,48.6,Occasional Users
1869515000.0,27,2.6166666666666667,81.48,High,70.65,Occasional Users
1871790497.0,27,1.1,96.3,High,29.700000000000003,Occasional Users
1874348023.0,27,1.6,77.78,High,43.2,Occasional Users
190107386.2,27,0.5833333333333334,92.59,High,15.750000000000002,Occasional Users
2018987757.0,27,0.016666666666666666,85.19,High,0.45,Occasional Users
25197175.17,27,1.3166666666666667,81.48,High,35.55,Occasional Users
25510997.17,27,1.5333333333333334,51.85,Medium,41.400000000000006,Occasional Users
291773102.2,27,0.26666666666666666,92.59,High,7.2,Occasional Users
295986661.2,27,7.75,59.26,Medium,209.25,Occasional Users
29826736.17,27,0.6,81.48,High,16.2,Occasional Users
30551709.17,27,0.016666666666666666,96.3,High,0.45,Occasional Users
312502439.2,27,1.3,85.19,High,35.1,Occasional Users
328196531.2,27,6.666666666666667,62.96,Medium,180.0,Occasional Users
456379784.2,27,1.15,70.37,High,31.049999999999997,Occasional Users
459561056.2,27,1.8,88.89,High,48.6,Occasional Users
460238036.2,27,1.8666666666666667,74.07,High,50.4,Occasional Users
477176663.2,27,4.133333333333334,81.48,High,111.60000000000001,Occasional Users
588467943.2,27,1.5666666666666667,62.96,Medium,42.3,Occasional Users
610056864.2,27,5.633333333333334,40.74,Medium,152.10000000000002,Occasional Users
736668333.2,27,2.1333333333333333,59.26,Medium,57.6,Occasional Users
760759660.2,27,2.1,66.67,Medium,56.7,Occasional Users
764129558.2,27,21.133333333333333,33.33,Medium,570.6,Occasional Users
8008545.168,27,3.3833333333333333,33.33,Medium,91.35,Occasional Users
1013944105.0,26,1.7333333333333334,38.46,Medium,45.06666666666667,Occasional Users
1037069878.0,26,1.3,92.31,High,33.800000000000004,Occasional Users
1145636617.0,26,3.9833333333333334,57.69,Medium,103.56666666666666,Occasional Users
1162419981.0,26,1.3333333333333333,42.31,Medium,34.666666666666664,Occasional Users
1190881132.0,26,3.283333333333333,80.77,High,85.36666666666666,Occasional Users
1294801784.0,26,1.2666666666666666,92.31,High,32.93333333333333,Occasional Users
1322575609.0,26,3.3333333333333335,84.62,High,86.66666666666667,Occasional Users
1336098775.0,26,2.05,65.38,Medium,53.3,Occasional Users
1337587131.0,26,12.283333333333333,30.77,Medium,319.3666666666667,Occasional Users
1436334889.0,26,1.75,84.62,High,45.5,Occasional Users
1465640861.0,26,1.15,88.46,High,29.9,Occasional Users
1466193200.0,26,1.9666666666666666,15.38,Low,51.13333333333333,Occasional Users
1479733242.0,26,13.583333333333334,19.23,Low,353.1666666666667,Occasional Users
1581020089.0,26,3.2333333333333334,26.92,Low,84.06666666666666,Occasional Users
1597087069.0,26,0.85,76.92,High,22.099999999999998,Occasional Users
1604010316.0,26,0.9333333333333333,88.46,High,24.266666666666666,Occasional Users
1609088812.0,26,2.683333333333333,61.54,Medium,69.76666666666667,Occasional Users
1616921830.0,26,0.0,100.0,,0.0,Occasional Users
1619248755.0,26,0.9,73.08,High,23.400000000000002,Occasional Users
1623042161.0,26,0.016666666666666666,96.15,High,0.43333333333333335,Occasional Users
166860681.2,26,3.433333333333333,50.0,Medium,89.26666666666667,Occasional Users
168522261.2,26,1.15,96.15,High,29.9,Occasional Users
1727014403.0,26,1.0666666666666667,96.15,High,27.733333333333334,Occasional Users
1871787989.0,26,11.85,38.46,Medium,308.09999999999997,Occasional Users
1872681310.0,26,3.466666666666667,53.85,Medium,90.13333333333334,Occasional Users
200395295.2,26,0.0,100.0,,0.0,Occasional Users
2006713936.0,26,8.533333333333333,69.23,Medium,221.86666666666667,Occasional Users
2011292301.0,26,8.783333333333333,42.31,Medium,228.36666666666667,Occasional Users
2032553307.0,26,2.15,76.92,High,55.9,Occasional Users
20547001.17,26,0.016666666666666666,92.31,High,0.43333333333333335,Occasional Users
25394183.17,26,11.583333333333334,30.77,Medium,301.1666666666667,Occasional Users
25590624.17,26,2.3,92.31,High,59.8,Occasional Users
28403399.17,26,0.8333333333333334,84.62,High,21.666666666666668,Occasional Users
28917694.17,26,8.083333333333334,53.85,Medium,210.16666666666669,Occasional Users
298477502.2,26,12.383333333333333,38.46,Medium,321.96666666666664,Occasional Users
329931161.2,26,6.533333333333333,69.23,Medium,169.86666666666667,Occasional Users
40129912.17,26,2.716666666666667,76.92,High,70.63333333333334,Occasional Users
43810023.17,26,3.1,42.31,Medium,80.60000000000001,Occasional Users
460258295.2,26,17.6,26.92,Low,457.6,Occasional Users
465655318.2,26,20.3,23.08,Low,527.8000000000001,Occasional Users
475107034.2,26,0.8333333333333334,50.0,Medium,21.666666666666668,Occasional Users
586003710.2,26,0.06666666666666667,92.31,High,1.7333333333333334,Occasional Users
599158059.2,26,0.11666666666666667,88.46,High,3.033333333333333,Occasional Users
599479540.2,26,0.23333333333333334,76.92,High,6.066666666666666,Occasional Users
605453614.2,26,13.733333333333333,26.92,Low,357.06666666666666,Occasional Users
610364204.2,26,4.283333333333333,57.69,Medium,111.36666666666666,Occasional Users
751681368.2,26,3.216666666666667,65.38,Medium,83.63333333333334,Occasional Users
876280963.2,26,4.133333333333334,34.62,Medium,107.46666666666668,Occasional Users
898881746.2,26,1.7833333333333334,61.54,Medium,46.36666666666667,Occasional Users
1005376076.0,25,0.7666666666666667,68.0,Medium,19.166666666666668,Occasional Users
1007806423.0,25,0.7333333333333333,88.0,High,18.333333333333332,Occasional Users
1033057323.0,25,0.0,100.0,,0.0,Occasional Users
1048208431.0,25,2.4,64.0,Medium,60.0,Occasional Users
1116117.168,25,2.566666666666667,40.0,Medium,64.16666666666667,Occasional Users
1184945557.0,25,2.6166666666666667,56.0,Medium,65.41666666666667,Occasional Users
1187228996.0,25,3.716666666666667,72.0,High,92.91666666666667,Occasional Users
1193928008.0,25,1.1333333333333333,76.0,High,28.333333333333332,Occasional Users
1302641166.0,25,1.2,44.0,Medium,30.0,Occasional Users
1309338052.0,25,1.25,68.0,Medium,31.25,Occasional Users
1445411754.0,25,1.35,88.0,High,33.75,Occasional Users
1451674209.0,25,6.0,56.0,Medium,150.0,Occasional Users
147825988.2,25,0.3,80.0,High,7.5,Occasional Users
151886166.2,25,12.966666666666667,28.0,Low,324.1666666666667,Occasional Users
1575368471.0,25,5.683333333333334,32.0,Medium,142.08333333333334,Occasional Users
1600864953.0,25,0.13333333333333333,88.0,High,3.3333333333333335,Occasional Users
167504889.2,25,2.2666666666666666,80.0,High,56.666666666666664,Occasional Users
1751675974.0,25,0.03333333333333333,92.0,High,0.8333333333333334,Occasional Users
1911487558.0,25,3.683333333333333,52.0,Medium,92.08333333333333,Occasional Users
2016117594.0,25,4.55,76.0,High,113.75,Occasional Users
28440311.17,25,3.283333333333333,44.0,Medium,82.08333333333333,Occasional Users
289979622.2,25,2.0833333333333335,64.0,Medium,52.083333333333336,Occasional Users
294626787.2,25,0.16666666666666666,92.0,High,4.166666666666666,Occasional Users
327749194.2,25,0.36666666666666664,96.0,High,9.166666666666666,Occasional Users
450543613.2,25,11.1,28.0,Low,277.5,Occasional Users
463097381.2,25,5.833333333333333,16.0,Low,145.83333333333331,Occasional Users
477750250.2,25,3.8,40.0,Medium,95.0,Occasional Users
480413647.2,25,4.616666666666666,60.0,Medium,115.41666666666666,Occasional Users
576547171.2,25,10.0,44.0,Medium,250.0,Occasional Users
591632208.2,25,3.283333333333333,36.0,Medium,82.08333333333333,Occasional Users
597428159.2,25,0.08333333333333333,56.0,Medium,2.083333333333333,Occasional Users
620372842.2,25,1.65,40.0,Medium,41.25,Occasional Users
729183443.2,25,2.4166666666666665,76.0,High,60.416666666666664,Occasional Users
732082615.2,25,10.416666666666666,48.0,Medium,260.41666666666663,Occasional Users
734539679.2,25,4.166666666666667,32.0,Medium,104.16666666666667,Occasional Users
734803392.2,25,0.6666666666666666,92.0,High,16.666666666666664,Occasional Users
735048862.2,25,13.85,44.0,Medium,346.25,Occasional Users
751950472.2,25,2.5166666666666666,52.0,Medium,62.916666666666664,Occasional Users
892567851.2,25,3.4833333333333334,56.0,Medium,87.08333333333333,Occasional Users
919977607.2,25,7.933333333333334,44.0,Medium,198.33333333333334,Occasional Users
1014443723.0,24,0.0,100.0,,0.0,Occasional Users
1019056900.0,24,5.983333333333333,33.33,Medium,143.6,Occasional Users
1044897663.0,24,3.183333333333333,70.83,High,76.39999999999999,Occasional Users
1149206611.0,24,8.283333333333333,29.17,Low,198.8,Occasional Users
1303055894.0,24,3.6666666666666665,87.5,High,88.0,Occasional Users
1315802202.0,24,2.8833333333333333,75.0,High,69.2,Occasional Users
1319783944.0,24,8.883333333333333,29.17,Low,213.2,Occasional Users
1442960712.0,24,3.433333333333333,37.5,Medium,82.39999999999999,Occasional Users
1588332637.0,24,3.25,79.17,High,78.0,Occasional Users
1613349609.0,24,0.8833333333333333,91.67,High,21.2,Occasional Users
170787112.2,24,1.15,79.17,High,27.599999999999998,Occasional Users
1726851485.0,24,0.016666666666666666,66.67,Medium,0.4,Occasional Users
1764109755.0,24,2.1666666666666665,41.67,Medium,52.0,Occasional Users
185386523.2,24,1.8333333333333333,54.17,Medium,44.0,Occasional Users
1883730727.0,24,20.466666666666665,20.83,Low,491.19999999999993,Occasional Users
190960902.2,24,0.0,100.0,,0.0,Occasional Users
1913724574.0,24,0.25,91.67,High,6.0,Occasional Users
2012204610.0,24,3.45,66.67,Medium,82.80000000000001,Occasional Users
2018995385.0,24,1.3333333333333333,95.83,High,32.0,Occasional Users
35015498.17,24,0.0,100.0,,0.0,Occasional Users
442275588.2,24,4.183333333333334,75.0,High,100.4,Occasional Users
574730699.2,24,1.05,83.33,High,25.200000000000003,Occasional Users
597987050.2,24,0.0,100.0,,0.0,Occasional Users
601707540.2,24,0.0,100.0,,0.0,Occasional Users
624510817.2,24,3.1666666666666665,70.83,High,76.0,Occasional Users
733314467.2,24,2.9,20.83,Low,69.6,Occasional Users
740696656.2,24,1.4666666666666666,45.83,Medium,35.199999999999996,Occasional Users
777113914.2,24,2.2666666666666666,62.5,Medium,54.4,Occasional Users
883934910.2,24,3.8,58.33,Medium,91.19999999999999,Occasional Users
887524350.2,24,1.4,54.17,Medium,33.599999999999994,Occasional Users
895498778.2,24,3.316666666666667,70.83,High,79.60000000000001,Occasional Users
1019330526.0,23,3.1333333333333333,69.57,Medium,72.06666666666666,Occasional Users
1021856732.0,23,1.3166666666666667,21.74,Low,30.28333333333333,Occasional Users
1025054593.0,23,2.966666666666667,56.52,Medium,68.23333333333333,Occasional Users
1047181646.0,23,5.983333333333333,47.83,Medium,137.61666666666667,Occasional Users
1051597627.0,23,3.533333333333333,56.52,Medium,81.26666666666667,Occasional Users
1061773834.0,23,0.9166666666666666,78.26,High,21.083333333333332,Occasional Users
1165902293.0,23,0.0,100.0,,0.0,Occasional Users
1289095483.0,23,0.2,86.96,High,4.6000000000000005,Occasional Users
1295272743.0,23,5.333333333333333,43.48,Medium,122.66666666666666,Occasional Users
1297853449.0,23,0.016666666666666666,78.26,High,0.3833333333333333,Occasional Users
1300077907.0,23,2.4166666666666665,60.87,Medium,55.58333333333333,Occasional Users
1303738186.0,23,0.0,100.0,,0.0,Occasional Users
1316477213.0,23,3.0,43.48,Medium,69.0,Occasional Users
1344884096.0,23,5.7,73.91,High,131.1,Occasional Users
1464039035.0,23,1.2,69.57,Medium,27.599999999999998,Occasional Users
146904560.2,23,1.45,78.26,High,33.35,Occasional Users
1472112177.0,23,3.966666666666667,56.52,Medium,91.23333333333333,Occasional Users
1607620853.0,23,1.2333333333333334,73.91,High,28.366666666666667,Occasional Users
1608769104.0,23,0.016666666666666666,95.65,High,0.3833333333333333,Occasional Users
1718368020.0,23,0.0,100.0,,0.0,Occasional Users
1742483695.0,23,4.5,65.22,Medium,103.5,Occasional Users
1747084547.0,23,3.5833333333333335,82.61,High,82.41666666666667,Occasional Users
179407202.2,23,3.0166666666666666,43.48,Medium,69.38333333333333,Occasional Users
179845133.2,23,0.25,47.83,Medium,5.75,Occasional Users
182948417.2,23,4.616666666666666,39.13,Medium,106.18333333333332,Occasional Users
1861224236.0,23,4.2,60.87,Medium,96.60000000000001,Occasional Users
1878661558.0,23,16.533333333333335,17.39,Low,380.2666666666667,Occasional Users
1891835548.0,23,0.016666666666666666,86.96,High,0.3833333333333333,Occasional Users
1898669049.0,23,8.766666666666667,65.22,Medium,201.63333333333335,Occasional Users
2016385404.0,23,8.416666666666666,60.87,Medium,193.58333333333331,Occasional Users
2057699692.0,23,0.0,100.0,,0.0,Occasional Users
23131488.17,23,0.08333333333333333,95.65,High,1.9166666666666665,Occasional Users
27982316.17,23,0.7833333333333333,56.52,Medium,18.016666666666666,Occasional Users
312960400.2,23,3.5166666666666666,56.52,Medium,80.88333333333333,Occasional Users
38098231.17,23,0.0,100.0,,0.0,Occasional Users
435153697.2,23,0.03333333333333333,91.3,High,0.7666666666666666,Occasional Users
469941243.2,23,0.55,34.78,Medium,12.65,Occasional Users
472249429.2,23,0.06666666666666667,91.3,High,1.5333333333333332,Occasional Users
477301508.2,23,1.3,60.87,Medium,29.900000000000002,Occasional Users
477411802.2,23,2.75,52.17,Medium,63.25,Occasional Users
52162820.17,23,1.1166666666666667,86.96,High,25.683333333333334,Occasional Users
5725707.168,23,0.0,100.0,,0.0,Occasional Users
590647454.2,23,2.5166666666666666,39.13,Medium,57.88333333333333,Occasional Users
601265658.2,23,1.7166666666666666,73.91,High,39.483333333333334,Occasional Users
715920221.2,23,5.3,56.52,Medium,121.89999999999999,Occasional Users
726665278.2,23,11.783333333333333,34.78,Medium,271.01666666666665,Occasional Users
743081473.2,23,6.366666666666666,47.83,Medium,146.43333333333334,Occasional Users
865747337.2,23,1.8333333333333333,26.09,Low,42.166666666666664,Occasional Users
868044426.2,23,1.1166666666666667,60.87,Medium,25.683333333333334,Occasional Users
876797047.2,23,0.016666666666666666,91.3,High,0.3833333333333333,Occasional Users
885774652.2,23,4.816666666666666,52.17,Medium,110.78333333333333,Occasional Users
897008784.2,23,1.3666666666666667,69.57,Medium,31.433333333333334,Occasional Users
898157437.2,23,9.866666666666667,69.57,Medium,226.93333333333334,Occasional Users
910817028.2,23,2.033333333333333,95.65,High,46.766666666666666,Occasional Users
1007963215.0,22,1.15,81.82,High,25.299999999999997,Occasional Users
1029821108.0,22,2.75,54.55,Medium,60.5,Occasional Users
1155858647.0,22,1.4166666666666667,86.36,High,31.166666666666668,Occasional Users
1171521641.0,22,2.066666666666667,68.18,Medium,45.46666666666667,Occasional Users
1178152427.0,22,0.06666666666666667,90.91,High,1.4666666666666666,Occasional Users
1185812804.0,22,4.416666666666667,81.82,High,97.16666666666667,Occasional Users
1193919554.0,22,8.666666666666666,50.0,Medium,190.66666666666666,Occasional Users
1303287344.0,22,0.0,100.0,,0.0,Occasional Users
1319639581.0,22,3.933333333333333,63.64,Medium,86.53333333333333,Occasional Users
1333095036.0,22,2.1166666666666667,59.09,Medium,46.56666666666667,Occasional Users
1345279298.0,22,1.85,68.18,Medium,40.7,Occasional Users
1442428273.0,22,0.0,100.0,,0.0,Occasional Users
1451232966.0,22,0.0,100.0,,0.0,Occasional Users
154505646.2,22,3.2,63.64,Medium,70.4,Occasional Users
1582962382.0,22,0.0,100.0,,0.0,Occasional Users
1584158046.0,22,0.06666666666666667,90.91,High,1.4666666666666666,Occasional Users
1584734157.0,22,12.933333333333334,40.91,Medium,284.53333333333336,Occasional Users
1594297712.0,22,8.65,63.64,Medium,190.3,Occasional Users
1600645266.0,22,3.35,59.09,Medium,73.7,Occasional Users
160099890.2,22,0.85,86.36,High,18.7,Occasional Users
167741308.2,22,9.083333333333334,22.73,Low,199.83333333333334,Occasional Users
1721490752.0,22,2.8833333333333333,54.55,Medium,63.43333333333333,Occasional Users
173325913.2,22,5.2,72.73,High,114.4,Occasional Users
1737213605.0,22,12.55,31.82,Medium,276.1,Occasional Users
1752241428.0,22,1.6166666666666667,68.18,Medium,35.56666666666667,Occasional Users
1780712009.0,22,8.5,59.09,Medium,187.0,Occasional Users
1866216253.0,22,2.3333333333333335,63.64,Medium,51.333333333333336,Occasional Users
1867406370.0,22,3.933333333333333,54.55,Medium,86.53333333333333,Occasional Users
1873883354.0,22,5.35,45.45,Medium,117.69999999999999,Occasional Users
189586343.2,22,4.716666666666667,59.09,Medium,103.76666666666667,Occasional Users
1907133502.0,22,0.0,100.0,,0.0,Occasional Users
1918651355.0,22,22.933333333333334,40.91,Medium,504.53333333333336,Occasional Users
193396184.2,22,3.9166666666666665,54.55,Medium,86.16666666666666,Occasional Users
196108168.2,22,6.766666666666667,68.18,Medium,148.86666666666667,Occasional Users
2009355020.0,22,5.766666666666667,36.36,Medium,126.86666666666666,Occasional Users
2038075414.0,22,0.0,100.0,,0.0,Occasional Users
2052311874.0,22,0.35,95.45,High,7.699999999999999,Occasional Users
2056118757.0,22,0.6666666666666666,63.64,Medium,14.666666666666666,Occasional Users
309211368.2,22,1.7333333333333334,86.36,High,38.13333333333333,Occasional Users
340797026.2,22,2.5,72.73,High,55.0,Occasional Users
430050197.2,22,3.9833333333333334,54.55,Medium,87.63333333333334,Occasional Users
434134408.2,22,6.466666666666667,36.36,Medium,142.26666666666668,Occasional Users
459562066.2,22,0.016666666666666666,95.45,High,0.36666666666666664,Occasional Users
460949502.2,22,0.8666666666666667,45.45,Medium,19.066666666666666,Occasional Users
480212677.2,22,12.466666666666667,45.45,Medium,274.26666666666665,Occasional Users
5018294.168,22,2.566666666666667,81.82,High,56.46666666666667,Occasional Users
572825445.2,22,12.083333333333334,45.45,Medium,265.83333333333337,Occasional Users
579717755.2,22,3.8,36.36,Medium,83.6,Occasional Users
595445150.2,22,1.3833333333333333,86.36,High,30.433333333333334,Occasional Users
604023914.2,22,5.15,54.55,Medium,113.30000000000001,Occasional Users
612851993.2,22,0.4666666666666667,63.64,Medium,10.266666666666667,Occasional Users
616633622.2,22,0.55,86.36,High,12.100000000000001,Occasional Users
735551992.2,22,0.55,63.64,Medium,12.100000000000001,Occasional Users
736171806.2,22,5.066666666666666,45.45,Medium,111.46666666666667,Occasional Users
750168693.2,22,0.11666666666666667,86.36,High,2.566666666666667,Occasional Users
771563374.2,22,5.533333333333333,54.55,Medium,121.73333333333333,Occasional Users
7771300.167,22,2.5833333333333335,81.82,High,56.833333333333336,Occasional Users
860154857.2,22,11.916666666666666,36.36,Medium,262.16666666666663,Occasional Users
862889131.2,22,10.166666666666666,36.36,Medium,223.66666666666666,Occasional Users
898257457.2,22,7.5,36.36,Medium,165.0,Occasional Users
1015580987.0,21,3.6,38.1,Medium,75.60000000000001,Occasional Users
1020111757.0,21,1.7666666666666666,71.43,High,37.1,Occasional Users
1023693297.0,21,5.233333333333333,33.33,Medium,109.9,Occasional Users
1042817918.0,21,4.1,71.43,High,86.1,Occasional Users
1161524186.0,21,6.016666666666667,57.14,Medium,126.35,Occasional Users
1176467996.0,21,10.3,33.33,Medium,216.3,Occasional Users
1185909678.0,21,2.4,52.38,Medium,50.4,Occasional Users
1188450664.0,21,0.0,100.0,,0.0,Occasional Users
1297609324.0,21,8.216666666666667,66.67,Medium,172.55,Occasional Users
1306412345.0,21,0.85,76.19,High,17.849999999999998,Occasional Users
1309253072.0,21,2.533333333333333,80.95,High,53.199999999999996,Occasional Users
1310180893.0,21,10.216666666666667,28.57,Low,214.55,Occasional Users
1321281404.0,21,12.683333333333334,38.1,Medium,266.35,Occasional Users
1326716190.0,21,0.26666666666666666,76.19,High,5.6,Occasional Users
1331711020.0,21,4.716666666666667,28.57,Low,99.05,Occasional Users
1332261195.0,21,1.3833333333333333,76.19,High,29.05,Occasional Users
1341950376.0,21,8.366666666666667,47.62,Medium,175.70000000000002,Occasional Users
1447180465.0,21,1.2333333333333334,66.67,Medium,25.900000000000002,Occasional Users
1450299184.0,21,0.016666666666666666,95.24,High,0.35,Occasional Users
1454374369.0,21,3.1333333333333333,71.43,High,65.8,Occasional Users
1468688971.0,21,5.95,47.62,Medium,124.95,Occasional Users
1488136316.0,21,3.3333333333333335,19.05,Low,70.0,Occasional Users
1591139136.0,21,0.48333333333333334,57.14,Medium,10.15,Occasional Users
1605548687.0,21,1.0833333333333333,90.48,High,22.75,Occasional Users
1608761719.0,21,1.1666666666666667,95.24,High,24.5,Occasional Users
1614160496.0,21,0.25,95.24,High,5.25,Occasional Users
1617072590.0,21,0.9833333333333333,80.95,High,20.65,Occasional Users
1618941679.0,21,2.966666666666667,47.62,Medium,62.300000000000004,Occasional Users
1619990767.0,21,0.0,100.0,,0.0,Occasional Users
162832681.2,21,0.43333333333333335,71.43,High,9.1,Occasional Users
1730849226.0,21,16.35,19.05,Low,343.35,Occasional Users
173589046.2,21,1.5,85.71,High,31.5,Occasional Users
1743275964.0,21,9.833333333333334,23.81,Low,206.5,Occasional Users
1751518530.0,21,1.3166666666666667,85.71,High,27.65,Occasional Users
1775625891.0,21,0.7833333333333333,90.48,High,16.45,Occasional Users
1891073109.0,21,1.5666666666666667,47.62,Medium,32.9,Occasional Users
189325810.2,21,5.183333333333334,42.86,Medium,108.85000000000001,Occasional Users
1896792876.0,21,0.36666666666666664,71.43,High,7.699999999999999,Occasional Users
1900984672.0,21,0.016666666666666666,95.24,High,0.35,Occasional Users
1906386106.0,21,15.1,42.86,Medium,317.09999999999997,Occasional Users
2005559977.0,21,5.466666666666667,52.38,Medium,114.8,Occasional Users
2027533097.0,21,9.4,33.33,Medium,197.4,Occasional Users
2035617841.0,21,2.2333333333333334,61.9,Medium,46.9,Occasional Users
290363430.2,21,0.6166666666666667,66.67,Medium,12.950000000000001,Occasional Users
31704402.17,21,2.65,76.19,High,55.65,Occasional Users
335150688.2,21,4.816666666666666,61.9,Medium,101.14999999999999,Occasional Users
36738204.17,21,0.2833333333333333,90.48,High,5.95,Occasional Users
3829986.167,21,0.0,100.0,,0.0,Occasional Users
42722286.17,21,19.316666666666666,19.05,Low,405.65,Occasional Users
433979665.2,21,1.0333333333333334,80.95,High,21.700000000000003,Occasional Users
436323003.2,21,0.5833333333333334,71.43,High,12.25,Occasional Users
438713673.2,21,4.1,52.38,Medium,86.1,Occasional Users
441386714.2,21,1.8,95.24,High,37.800000000000004,Occasional Users
471049273.2,21,3.5166666666666666,57.14,Medium,73.85,Occasional Users
480732691.2,21,0.7333333333333333,80.95,High,15.399999999999999,Occasional Users
4923294.168,21,1.5166666666666666,61.9,Medium,31.849999999999998,Occasional Users
5060432.167,21,1.1166666666666667,95.24,High,23.45,Occasional Users
5829478.168,21,2.35,61.9,Medium,49.35,Occasional Users
586569503.2,21,0.4666666666666667,90.48,High,9.8,Occasional Users
589047885.2,21,3.15,80.95,High,66.14999999999999,Occasional Users
722600712.2,21,3.783333333333333,38.1,Medium,79.45,Occasional Users
744110949.2,21,1.5166666666666666,71.43,High,31.849999999999998,Occasional Users
769417163.2,21,4.8,52.38,Medium,100.8,Occasional Users
872562775.2,21,3.933333333333333,61.9,Medium,82.6,Occasional Users
874853597.2,21,0.08333333333333333,95.24,High,1.75,Occasional Users
888034767.2,21,3.816666666666667,52.38,Medium,80.15,Occasional Users
1007190837.0,20,1.0666666666666667,75.0,High,21.333333333333332,Occasional Users
1021552717.0,20,1.3,15.0,Low,26.0,Occasional Users
1034412864.0,20,2.1666666666666665,20.0,Low,43.33333333333333,Occasional Users
1037694658.0,20,2.783333333333333,65.0,Medium,55.666666666666664,Occasional Users
1045622334.0,20,0.11666666666666667,90.0,High,2.3333333333333335,Occasional Users
1172285196.0,20,0.9166666666666666,55.0,Medium,18.333333333333332,Occasional Users
1194283138.0,20,2.3666666666666667,45.0,Medium,47.333333333333336,Occasional Users
1305172823.0,20,0.9,75.0,High,18.0,Occasional Users
1318158297.0,20,3.35,60.0,Medium,67.0,Occasional Users
1336219932.0,20,1.3166666666666667,80.0,High,26.333333333333332,Occasional Users
1336441280.0,20,0.25,85.0,High,5.0,Occasional Users
143495281.2,20,2.05,85.0,High,41.0,Occasional Users
1440947538.0,20,0.9833333333333333,90.0,High,19.666666666666664,Occasional Users
144586608.2,20,8.516666666666667,20.0,Low,170.33333333333334,Occasional Users
1446867188.0,20,3.566666666666667,80.0,High,71.33333333333334,Occasional Users
1456148167.0,20,5.266666666666667,30.0,Medium,105.33333333333333,Occasional Users
1467585136.0,20,3.1333333333333333,55.0,Medium,62.666666666666664,Occasional Users
1587787948.0,20,1.5166666666666666,75.0,High,30.333333333333332,Occasional Users
1606892532.0,20,11.666666666666666,30.0,Medium,233.33333333333331,Occasional Users
1611538053.0,20,2.316666666666667,85.0,High,46.333333333333336,Occasional Users
1621592838.0,20,2.75,55.0,Medium,55.0,Occasional Users
1623446413.0,20,0.0,100.0,,0.0,Occasional Users
171044414.2,20,0.016666666666666666,95.0,High,0.3333333333333333,Occasional Users
1744098766.0,20,0.31666666666666665,95.0,High,6.333333333333333,Occasional Users
17482028.17,20,0.016666666666666666,95.0,High,0.3333333333333333,Occasional Users
1759806783.0,20,6.6,65.0,Medium,132.0,Occasional Users
1759826529.0,20,7.333333333333333,60.0,Medium,146.66666666666666,Occasional Users
1769513093.0,20,0.15,85.0,High,3.0,Occasional Users
1771251622.0,20,0.5,55.0,Medium,10.0,Occasional Users
1771417269.0,20,0.0,100.0,,0.0,Occasional Users
183110504.2,20,2.5833333333333335,60.0,Medium,51.66666666666667,Occasional Users
1876691454.0,20,3.25,70.0,High,65.0,Occasional Users
1896315639.0,20,1.2333333333333334,65.0,Medium,24.666666666666668,Occasional Users
2005743708.0,20,0.0,100.0,,0.0,Occasional Users
2058631653.0,20,0.016666666666666666,95.0,High,0.3333333333333333,Occasional Users
430774979.2,20,1.3666666666666667,95.0,High,27.333333333333336,Occasional Users
431711017.2,20,15.983333333333333,30.0,Medium,319.66666666666663,Occasional Users
444731812.2,20,4.033333333333333,50.0,Medium,80.66666666666666,Occasional Users
447244470.2,20,2.5166666666666666,70.0,High,50.33333333333333,Occasional Users
454435044.2,20,0.15,80.0,High,3.0,Occasional Users
464283443.2,20,1.4833333333333334,75.0,High,29.666666666666668,Occasional Users
479861991.2,20,1.4666666666666666,90.0,High,29.333333333333332,Occasional Users
574417281.2,20,1.95,70.0,High,39.0,Occasional Users
585700271.2,20,0.0,100.0,,0.0,Occasional Users
586081881.2,20,0.0,100.0,,0.0,Occasional Users
601489585.2,20,1.1666666666666667,60.0,Medium,23.333333333333336,Occasional Users
603404897.2,20,5.1,65.0,Medium,102.0,Occasional Users
615810708.2,20,1.3,95.0,High,26.0,Occasional Users
723181977.2,20,21.45,35.0,Medium,429.0,Occasional Users
748352706.2,20,2.9833333333333334,85.0,High,59.66666666666667,Occasional Users
752488654.2,20,1.6,65.0,Medium,32.0,Occasional Users
759725255.2,20,2.05,90.0,High,41.0,Occasional Users
765526435.2,20,2.2333333333333334,85.0,High,44.66666666666667,Occasional Users
775499877.2,20,2.85,20.0,Low,57.0,Occasional Users
8236558.167,20,10.666666666666666,45.0,Medium,213.33333333333331,Occasional Users
879375293.2,20,3.4833333333333334,55.0,Medium,69.66666666666667,Occasional Users
893610496.2,20,13.133333333333333,35.0,Medium,262.66666666666663,Occasional Users
898017851.2,20,8.366666666666667,55.0,Medium,167.33333333333334,Occasional Users
919755111.2,20,2.55,65.0,Medium,51.0,Occasional Users
1009394602.0,19,4.583333333333333,52.63,Medium,87.08333333333333,Occasional Users
1019091347.0,19,7.416666666666667,15.79,Low,140.91666666666669,Occasional Users
1027833885.0,19,0.0,100.0,,0.0,Occasional Users
1049351488.0,19,0.0,100.0,,0.0,Occasional Users
1183743974.0,19,1.4666666666666666,94.74,High,27.866666666666664,Occasional Users
1198300001.0,19,2.8333333333333335,42.11,Medium,53.833333333333336,Occasional Users
1290718022.0,19,0.21666666666666667,94.74,High,4.116666666666667,Occasional Users
1299561145.0,19,3.3,63.16,Medium,62.699999999999996,Occasional Users
1304834720.0,19,6.083333333333333,57.89,Medium,115.58333333333333,Occasional Users
1319595064.0,19,1.8,78.95,High,34.2,Occasional Users
1325766442.0,19,6.4,31.58,Medium,121.60000000000001,Occasional Users
1328410866.0,19,3.6666666666666665,47.37,Medium,69.66666666666666,Occasional Users
1337227076.0,19,1.6166666666666667,73.68,High,30.71666666666667,Occasional Users
1338867652.0,19,1.4666666666666666,84.21,High,27.866666666666664,Occasional Users
1343476289.0,19,0.5666666666666667,63.16,Medium,10.766666666666666,Occasional Users
1448734551.0,19,0.1,89.47,High,1.9000000000000001,Occasional Users
1462325659.0,19,0.2,89.47,High,3.8000000000000003,Occasional Users
1462725257.0,19,0.48333333333333334,52.63,Medium,9.183333333333334,Occasional Users
146898125.2,19,16.466666666666665,31.58,Medium,312.8666666666666,Occasional Users
1484431549.0,19,0.7166666666666667,78.95,High,13.616666666666667,Occasional Users
150960711.2,19,4.8,36.84,Medium,91.2,Occasional Users
156447274.2,19,2.316666666666667,78.95,High,44.01666666666667,Occasional Users
1575975492.0,19,1.05,94.74,High,19.95,Occasional Users
1584929239.0,19,0.03333333333333333,94.74,High,0.6333333333333333,Occasional Users
1596703962.0,19,1.6333333333333333,52.63,Medium,31.03333333333333,Occasional Users
1605465273.0,19,15.55,21.05,Low,295.45,Occasional Users
1612468899.0,19,5.35,36.84,Medium,101.64999999999999,Occasional Users
1616143899.0,19,2.0,68.42,Medium,38.0,Occasional Users
164780943.2,19,7.933333333333334,52.63,Medium,150.73333333333335,Occasional Users
164845938.2,19,5.316666666666666,42.11,Medium,101.01666666666667,Occasional Users
1719762459.0,19,11.25,26.32,Low,213.75,Occasional Users
1747161753.0,19,1.4666666666666666,78.95,High,27.866666666666664,Occasional Users
1748371643.0,19,0.26666666666666666,78.95,High,5.066666666666666,Occasional Users
1749352257.0,19,2.466666666666667,63.16,Medium,46.86666666666667,Occasional Users
1764769583.0,19,3.4,52.63,Medium,64.6,Occasional Users
1775345019.0,19,3.35,84.21,High,63.65,Occasional Users
181748960.2,19,1.4833333333333334,94.74,High,28.183333333333334,Occasional Users
1861194702.0,19,2.3833333333333333,63.16,Medium,45.28333333333333,Occasional Users
1869307022.0,19,11.716666666666667,42.11,Medium,222.61666666666667,Occasional Users
187542787.2,19,0.0,100.0,,0.0,Occasional Users
1877880434.0,19,4.9,47.37,Medium,93.10000000000001,Occasional Users
1892161037.0,19,2.8833333333333333,78.95,High,54.78333333333333,Occasional Users
1916250802.0,19,0.3,94.74,High,5.7,Occasional Users
1916485699.0,19,5.3,26.32,Low,100.7,Occasional Users
2013566953.0,19,4.933333333333334,47.37,Medium,93.73333333333333,Occasional Users
2021279331.0,19,14.066666666666666,47.37,Medium,267.26666666666665,Occasional Users
2022018172.0,19,3.9166666666666665,63.16,Medium,74.41666666666666,Occasional Users
2035336148.0,19,2.8,47.37,Medium,53.199999999999996,Occasional Users
2039396050.0,19,10.533333333333333,47.37,Medium,200.13333333333333,Occasional Users
2040015038.0,19,0.0,100.0,,0.0,Occasional Users
2055437556.0,19,11.65,26.32,Low,221.35,Occasional Users
24434710.17,19,0.0,100.0,,0.0,Occasional Users
31066657.17,19,5.633333333333334,78.95,High,107.03333333333335,Occasional Users
318306042.2,19,1.6166666666666667,78.95,High,30.71666666666667,Occasional Users
334680287.2,19,6.583333333333333,68.42,Medium,125.08333333333333,Occasional Users
340284876.2,19,4.95,42.11,Medium,94.05,Occasional Users
3729313.168,19,2.533333333333333,68.42,Medium,48.13333333333333,Occasional Users
452261725.2,19,0.4666666666666667,47.37,Medium,8.866666666666667,Occasional Users
453501839.2,19,0.0,100.0,,0.0,Occasional Users
454333007.2,19,0.7166666666666667,84.21,High,13.616666666666667,Occasional Users
47334744.17,19,6.733333333333333,68.42,Medium,127.93333333333334,Occasional Users
48929601.17,19,10.633333333333333,31.58,Medium,202.03333333333333,Occasional Users
585132101.2,19,12.066666666666666,42.11,Medium,229.26666666666665,Occasional Users
716322647.2,19,1.3833333333333333,42.11,Medium,26.28333333333333,Occasional Users
718008178.2,19,0.08333333333333333,94.74,High,1.5833333333333333,Occasional Users
730721188.2,19,1.7166666666666666,84.21,High,32.61666666666667,Occasional Users
736743342.2,19,8.416666666666666,47.37,Medium,159.91666666666666,Occasional Users
743423604.2,19,4.166666666666667,42.11,Medium,79.16666666666667,Occasional Users
753496518.2,19,7.566666666666666,52.63,Medium,143.76666666666665,Occasional Users
767721458.2,19,1.3333333333333333,52.63,Medium,25.333333333333332,Occasional Users
887399231.2,19,4.316666666666666,47.37,Medium,82.01666666666667,Occasional Users
888996422.2,19,5.216666666666667,57.89,Medium,99.11666666666667,Occasional Users
895745255.2,19,3.05,68.42,Medium,57.949999999999996,Occasional Users
897936017.2,19,7.0,68.42,Medium,133.0,Occasional Users
909136233.2,19,1.9333333333333333,63.16,Medium,36.733333333333334,Occasional Users
912791423.2,19,4.066666666666666,36.84,Medium,77.26666666666667,Occasional Users
915409672.2,19,2.45,73.68,High,46.550000000000004,Occasional Users
1006160900.0,18,0.16666666666666666,83.33,High,3.0,Occasional Users
1009411637.0,18,0.9833333333333333,38.89,Medium,17.7,Occasional Users
1027967940.0,18,0.016666666666666666,94.44,High,0.3,Occasional Users
1033365221.0,18,0.8666666666666667,83.33,High,15.600000000000001,Occasional Users
1050375287.0,18,4.433333333333334,50.0,Medium,79.80000000000001,Occasional Users
1051539820.0,18,0.0,100.0,,0.0,Occasional Users
1151496227.0,18,1.5166666666666666,55.56,Medium,27.299999999999997,Occasional Users
1159223129.0,18,1.3166666666666667,88.89,High,23.7,Occasional Users
1163877393.0,18,1.25,94.44,High,22.5,Occasional Users
1170065060.0,18,4.133333333333334,44.44,Medium,74.4,Occasional Users
1170191511.0,18,1.85,77.78,High,33.300000000000004,Occasional Users
1171144011.0,18,7.3,55.56,Medium,131.4,Occasional Users
1183543644.0,18,1.0666666666666667,77.78,High,19.2,Occasional Users
1190823471.0,18,15.65,22.22,Low,281.7,Occasional Users
1193989689.0,18,6.266666666666667,38.89,Medium,112.8,Occasional Users
1304725314.0,18,3.3,55.56,Medium,59.4,Occasional Users
1311031140.0,18,2.533333333333333,61.11,Medium,45.599999999999994,Occasional Users
1316585303.0,18,6.433333333333334,27.78,Low,115.80000000000001,Occasional Users
143856110.2,18,3.3666666666666667,22.22,Low,60.6,Occasional Users
1441975535.0,18,3.216666666666667,66.67,Medium,57.900000000000006,Occasional Users
1442225464.0,18,0.95,83.33,High,17.099999999999998,Occasional Users
145228338.2,18,1.0166666666666666,83.33,High,18.299999999999997,Occasional Users
1455286526.0,18,0.0,100.0,,0.0,Occasional Users
1457872964.0,18,0.2833333333333333,72.22,High,5.1,Occasional Users
1458355823.0,18,1.45,77.78,High,26.099999999999998,Occasional Users
1467029993.0,18,4.65,55.56,Medium,83.7,Occasional Users
1477824482.0,18,1.0166666666666666,88.89,High,18.299999999999997,Occasional Users
156593413.2,18,0.0,100.0,,0.0,Occasional Users
1580256020.0,18,4.116666666666666,72.22,High,74.1,Occasional Users
159607451.2,18,0.5333333333333333,94.44,High,9.6,Occasional Users
1597711275.0,18,0.2,83.33,High,3.6,Occasional Users
1609614509.0,18,1.25,55.56,Medium,22.5,Occasional Users
1625082951.0,18,10.0,38.89,Medium,180.0,Occasional Users
16952852.17,18,8.633333333333333,66.67,Medium,155.39999999999998,Occasional Users
1729074087.0,18,3.7333333333333334,44.44,Medium,67.2,Occasional Users
1738737800.0,18,3.933333333333333,77.78,High,70.8,Occasional Users
1743028811.0,18,2.3666666666666667,88.89,High,42.6,Occasional Users
1748284847.0,18,0.16666666666666666,94.44,High,3.0,Occasional Users
1752059036.0,18,0.9833333333333333,77.78,High,17.7,Occasional Users
1763820681.0,18,3.05,66.67,Medium,54.9,Occasional Users
1770248373.0,18,11.3,38.89,Medium,203.4,Occasional Users
177622706.2,18,0.08333333333333333,94.44,High,1.5,Occasional Users
1781126514.0,18,0.0,100.0,,0.0,Occasional Users
179876620.2,18,1.05,94.44,High,18.900000000000002,Occasional Users
1867489752.0,18,1.6833333333333333,83.33,High,30.3,Occasional Users
1876675061.0,18,1.7666666666666666,33.33,Medium,31.799999999999997,Occasional Users
1878330640.0,18,3.7666666666666666,83.33,High,67.8,Occasional Users
1881849231.0,18,3.933333333333333,61.11,Medium,70.8,Occasional Users
1882953351.0,18,19.166666666666668,27.78,Low,345.0,Occasional Users
1884524279.0,18,4.183333333333334,61.11,Medium,75.30000000000001,Occasional Users
18960649.17,18,8.266666666666667,27.78,Low,148.8,Occasional Users
1898476046.0,18,2.6,88.89,High,46.800000000000004,Occasional Users
1907981174.0,18,7.033333333333333,38.89,Medium,126.6,Occasional Users
1910163689.0,18,3.05,66.67,Medium,54.9,Occasional Users
20123813.17,18,16.033333333333335,44.44,Medium,288.6,Occasional Users
2014303365.0,18,9.766666666666667,50.0,Medium,175.8,Occasional Users
2015346241.0,18,2.85,55.56,Medium,51.300000000000004,Occasional Users
2037441196.0,18,0.31666666666666665,94.44,High,5.699999999999999,Occasional Users
2039820540.0,18,6.933333333333334,33.33,Medium,124.80000000000001,Occasional Users
2045479078.0,18,1.9333333333333333,83.33,High,34.8,Occasional Users
2050660525.0,18,9.716666666666667,38.89,Medium,174.9,Occasional Users
2051177496.0,18,0.43333333333333335,94.44,High,7.800000000000001,Occasional Users
30700826.17,18,10.766666666666667,50.0,Medium,193.8,Occasional Users
311518768.2,18,5.433333333333334,50.0,Medium,97.80000000000001,Occasional Users
313733230.2,18,0.5666666666666667,50.0,Medium,10.2,Occasional Users
315758704.2,18,0.05,94.44,High,0.9,Occasional Users
316451896.2,18,6.3,61.11,Medium,113.39999999999999,Occasional Users
321605928.2,18,0.3,88.89,High,5.3999999999999995,Occasional Users
323773502.2,18,1.5,77.78,High,27.0,Occasional Users
325650160.2,18,3.55,66.67,Medium,63.9,Occasional Users
331126907.2,18,0.8666666666666667,88.89,High,15.600000000000001,Occasional Users
337552424.2,18,0.08333333333333333,94.44,High,1.5,Occasional Users
43302860.17,18,0.5333333333333333,94.44,High,9.6,Occasional Users
437689687.2,18,5.316666666666666,55.56,Medium,95.69999999999999,Occasional Users
447738999.2,18,4.45,33.33,Medium,80.10000000000001,Occasional Users
464506587.2,18,5.4,27.78,Low,97.2,Occasional Users
470994140.2,18,0.23333333333333334,88.89,High,4.2,Occasional Users
472310075.2,18,0.3333333333333333,88.89,High,6.0,Occasional Users
474308847.2,18,1.6333333333333333,66.67,Medium,29.4,Occasional Users
49059753.17,18,0.23333333333333334,94.44,High,4.2,Occasional Users
51784880.17,18,5.3,33.33,Medium,95.39999999999999,Occasional Users
572910068.2,18,0.7166666666666667,61.11,Medium,12.9,Occasional Users
579820547.2,18,8.066666666666666,61.11,Medium,145.2,Occasional Users
585647417.2,18,5.083333333333333,55.56,Medium,91.5,Occasional Users
594512940.2,18,9.95,50.0,Medium,179.1,Occasional Users
596328442.2,18,4.366666666666666,55.56,Medium,78.6,Occasional Users
599460840.2,18,0.3333333333333333,77.78,High,6.0,Occasional Users
611803412.2,18,0.15,88.89,High,2.6999999999999997,Occasional Users
623828897.2,18,3.533333333333333,38.89,Medium,63.599999999999994,Occasional Users
733079655.2,18,3.9,77.78,High,70.2,Occasional Users
765561125.2,18,2.75,83.33,High,49.5,Occasional Users
768873311.2,18,0.75,94.44,High,13.5,Occasional Users
859187422.2,18,0.0,100.0,,0.0,Occasional Users
864806141.2,18,0.7833333333333333,61.11,Medium,14.1,Occasional Users
865299363.2,18,4.283333333333333,55.56,Medium,77.1,Occasional Users
882183518.2,18,1.4666666666666666,83.33,High,26.4,Occasional Users
884269222.2,18,6.416666666666667,33.33,Medium,115.5,Occasional Users
898160375.2,18,0.6666666666666666,88.89,High,12.0,Occasional Users
899107233.2,18,2.1166666666666667,72.22,High,38.1,Occasional Users
902990113.2,18,0.5166666666666667,83.33,High,9.3,Occasional Users
907853753.2,18,0.5333333333333333,72.22,High,9.6,Occasional Users
909933476.2,18,8.816666666666666,22.22,Low,158.7,Occasional Users
912208812.2,18,2.3333333333333335,50.0,Medium,42.0,Occasional Users
9828015.168,18,0.06666666666666667,94.44,High,1.2,Occasional Users
1003375186.0,17,5.433333333333334,35.29,Medium,92.36666666666667,Occasional Users
1008670937.0,17,0.0,100.0,,0.0,Occasional Users
1009260575.0,17,5.233333333333333,17.65,Low,88.96666666666667,Occasional Users
1017139023.0,17,7.5,35.29,Medium,127.5,Occasional Users
1049262708.0,17,7.733333333333333,41.18,Medium,131.46666666666667,Occasional Users
1145806370.0,17,5.616666666666666,47.06,Medium,95.48333333333332,Occasional Users
1153811479.0,17,0.2,94.12,High,3.4000000000000004,Occasional Users
1182132772.0,17,1.2166666666666666,88.24,High,20.68333333333333,Occasional Users
1184187210.0,17,2.566666666666667,64.71,Medium,43.63333333333334,Occasional Users
